{"lp": -0.3223981261253357, "_timestamp": 1649167214, "_runtime": 32, "_step": 10552, "entropy": 0.5887401103973389, "advantage": 0.9244785308837891, "td_target": 22.58199119567871, "policy_loss": 0.4480423629283905, "critic_loss": 0.8546605706214905, "episodic_reward": 46.0, "_wandb": {"runtime": 30}}