{"lp": 0.0033311485312879086, "_timestamp": 1649167167, "_runtime": 134, "_step": 50254, "advantage": 0.69989013671875, "td_target": 47.51741409301758, "policy_loss": "None.Tensor.item", "critic_loss": 0.020624380558729172, "episodic_reward": 44.0, "_wandb": {"runtime": 132}}